ssn,first_name,last_name,age,state,house
851-94-2061,Jack,Penwarden,52,Virginia,Gryffindor
562-15-9026,Hunt,Crisell,34,New York,Hufflepuff
880-46-2654,Mercedes,Ricard,53,California,Slytherin
921-11-0028,Gavin,Youtead,50,Virginia,Slytherin
653-12-2406,Terza,Divis,60,Nevada,Ravenclaw
663-05-9462,Jenda,Francais,20,South Carolina,Hufflepuff
405-97-0286,Pierrette,Pankettman,35,Oklahoma,Slytherin
963-03-9198,Nicola,Withrington,38,Massachusetts,Slytherin
849-59-5976,Torrie,Dyble,23,Texas,Ravenclaw
480-33-9626,Kittie,Housego,52,Colorado,Hufflepuff
113-31-8200,Bernard,Goretti,30,Texas,Ravenclaw
928-54-2639,Spense,Flinn,59,Ohio,Slytherin
671-47-1984,Adina,Giacomelli,56,District of Columbia,Gryffindor
603-05-8604,Corenda,Hazelgreave,20,Texas,Gryffindor
848-84-3951,Beltran,Symons,54,Michigan,Ravenclaw
188-41-7001,Kris,Vankin,42,Georgia,Hufflepuff
125-41-8734,Bertrando,Gainsborough,48,Michigan,Ravenclaw
481-41-0568,Miranda,Ubsdell,23,Maryland,Gryffindor
745-30-9067,Blake,Ennew,52,Florida,Ravenclaw
892-28-0789,Ursuline,Shillabear,48,Texas,Ravenclaw
668-01-7979,Nolly,Dufore,37,Texas,Slytherin
293-07-8502,Marlie,Crawcour,53,California,Gryffindor
327-51-4389,Billye,Astill,35,Oklahoma,Ravenclaw
448-64-2485,Troy,Beste,18,Minnesota,Ravenclaw
782-17-0810,Huey,Vairow,26,South Carolina,Ravenclaw
348-83-0985,Alie,Pariss,27,Oregon,Hufflepuff
735-06-0327,Sloan,Kaubisch,34,Pennsylvania,Slytherin
612-44-2648,Aldrich,Hake,51,Florida,Ravenclaw
151-34-3098,Matthiew,Palle,57,Tennessee,Gryffindor
697-24-6944,Redd,O' Flaherty,47,Mississippi,Slytherin
697-70-5730,Munroe,Cantillon,49,Ohio,Slytherin
384-19-4324,Jayme,Trenbey,23,Tennessee,Hufflepuff
976-56-7265,Baryram,Littler,59,Texas,Hufflepuff
458-98-8112,Rena,Sired,30,Arizona,Ravenclaw
487-56-7780,Davina,Tothacot,24,Texas,Slytherin
207-78-9459,Howie,Charlson,40,Ohio,Gryffindor
602-67-8688,Una,Tournie,18,Arkansas,Slytherin
307-80-4616,Jo-anne,Pippin,57,Virginia,Hufflepuff
327-01-2498,Natividad,Bortolomei,40,South Dakota,Ravenclaw
623-02-0421,Gaspar,Izakov,23,California,Hufflepuff
264-57-3773,Dominic,Raffels,32,Tennessee,Slytherin
208-31-1830,Kerrill,Drew,59,New York,Ravenclaw
263-74-0816,Kissee,Goskar,43,Idaho,Hufflepuff
519-09-3564,Efrem,Arkcoll,54,Georgia,Ravenclaw
774-52-3222,Tiffany,Bernt,26,Pennsylvania,Ravenclaw
404-84-3264,Karlee,Keymar,21,Michigan,Hufflepuff
270-62-7411,Freedman,Knewstubb,46,Maryland,Gryffindor
963-25-4536,Martynne,Cund,54,Texas,Slytherin
776-04-0975,Kippy,Nezey,37,Florida,Gryffindor
232-96-0002,Cortney,Heeps,33,Michigan,Hufflepuff
922-19-1461,Salmon,Blacksland,37,New York,Gryffindor
616-03-7468,Eveline,Tuckley,44,Florida,Slytherin
910-94-0959,Gwenneth,Kohn,35,Pennsylvania,Hufflepuff
129-39-8336,Sileas,Emmert,43,Texas,Hufflepuff
533-30-8233,Johna,O'Loghlen,42,New York,Hufflepuff
279-92-9496,Eugen,Limprecht,24,North Carolina,Gryffindor
128-20-7386,Nanci,Renard,48,California,Ravenclaw
842-78-9017,Merill,Norton,52,Texas,Hufflepuff
194-74-8008,Melvyn,Bortoli,50,New York,Gryffindor
284-59-4143,Chucho,Hyrons,60,North Dakota,Ravenclaw
966-96-6469,Anne,Beswell,41,Washington,Ravenclaw
998-44-9309,Tamara,Rymmer,50,New York,Gryffindor
903-84-2659,Gaylene,Manach,47,Ohio,Hufflepuff
503-46-1472,Harli,Claxton,18,California,Slytherin
151-89-0506,Trina,Skoggings,43,Nebraska,Slytherin
938-43-6296,Celina,Lendon,41,Iowa,Gryffindor
682-53-0393,Sabina,Coode,26,Florida,Gryffindor
472-15-3594,Arch,Welton,50,New York,Slytherin
214-08-5837,Fredric,Roycraft,19,Alabama,Slytherin
876-56-3681,Lefty,Powis,39,District of Columbia,Slytherin
124-13-9118,Hartwell,Showell,25,Minnesota,Hufflepuff
626-95-7603,Olympe,Mallabon,20,Alaska,Hufflepuff
562-64-0483,Verna,McCutheon,55,Washington,Gryffindor
328-78-0457,Teodor,Neary,35,Oregon,Slytherin
683-74-5619,Farrel,Bowdery,37,Michigan,Hufflepuff
851-56-4991,Wilmette,Jaze,57,Illinois,Slytherin
834-99-5718,Clarie,Stairmand,35,Iowa,Ravenclaw
947-24-2879,Corette,Varvara,31,Georgia,Gryffindor
335-62-0357,John,Dell Casa,23,Virginia,Hufflepuff
576-93-0780,Far,Kasher,22,Nevada,Ravenclaw
809-71-2696,Roz,Gallemore,57,Ohio,Ravenclaw
796-17-8014,Drucie,Narducci,58,California,Gryffindor
688-05-0076,Eveleen,Coleborn,34,Washington,Ravenclaw
512-09-9801,Gavrielle,Ackhurst,29,Texas,Ravenclaw
831-94-5914,Dasya,Stern,20,Texas,Ravenclaw
708-02-3987,Koo,Chisnall,58,Indiana,Gryffindor
959-45-8785,Yelena,Naris,31,Arizona,Gryffindor
903-05-2988,Rafaela,Balma,53,Iowa,Slytherin
764-61-1091,Garnet,Gouldeby,53,New York,Ravenclaw
783-40-8716,Franklyn,Galle,56,Nevada,Gryffindor
419-47-5020,Kristen,Sausman,40,Texas,Gryffindor
240-74-7755,Bamby,Menpes,27,Illinois,Slytherin
130-97-1049,Renate,Merchant,48,Indiana,Hufflepuff
167-66-7048,Kailey,Todari,18,Michigan,Slytherin
177-48-4242,Odilia,Padilla,31,Louisiana,Slytherin
865-56-6611,Bunny,Haddock,56,Hawaii,Slytherin
303-77-1460,Baldwin,Aldhous,33,Oklahoma,Ravenclaw
549-56-7594,Penelopa,Cuniffe,21,New Mexico,Ravenclaw
259-19-4683,Etheline,Locock,47,Arizona,Slytherin
461-52-0990,Wayne,Malter,48,California,Ravenclaw
345-62-9587,Kara-lynn,Prene,49,New Jersey,Slytherin
466-43-8680,Ailbert,Beton,39,Florida,Gryffindor
792-94-1568,Brannon,Rosas,34,Texas,Ravenclaw
828-16-6371,Lilias,Dax,24,District of Columbia,Hufflepuff
803-33-0676,Ferdinand,Alfonso,43,Texas,Ravenclaw
692-78-9826,Lia,Zamorrano,58,Ohio,Hufflepuff
122-66-0417,Alameda,Gartell,40,California,Slytherin
511-72-6567,Cristionna,Jezzard,52,Texas,Ravenclaw
721-57-6046,Quinlan,Annes,43,Nebraska,Ravenclaw
458-11-2803,Thelma,McCafferty,34,California,Gryffindor
551-17-2170,Cristy,Erskin,51,Indiana,Slytherin
234-72-2945,Hernando,Winslett,26,Kentucky,Slytherin
742-27-0929,Ali,Bolino,42,New York,Slytherin
969-54-3078,Fidel,Dunston,50,Georgia,Gryffindor
100-86-9566,Hector,Mingo,44,District of Columbia,Slytherin
685-83-6598,Nestor,Wilkowski,44,Missouri,Gryffindor
153-27-7394,Ashlie,Veness,48,Texas,Hufflepuff
888-14-4380,Sacha,Linklater,44,District of Columbia,Ravenclaw
638-52-0518,Guglielmo,Lorimer,34,West Virginia,Gryffindor
963-84-6597,Niccolo,Searles,36,Texas,Gryffindor
604-65-5887,Vonni,Placido,27,California,Hufflepuff
754-28-5450,Jacqueline,Calder,28,Pennsylvania,Hufflepuff
962-53-9655,Karon,Aronowicz,40,Washington,Slytherin
430-98-3914,Borden,Garaghan,49,Oklahoma,Slytherin
830-53-7365,Fin,Antognetti,57,Georgia,Hufflepuff
105-64-6048,Marjory,Bartell,21,California,Hufflepuff
802-14-8474,Falito,Gatehouse,40,Colorado,Hufflepuff
638-80-5159,Daphna,McGarvey,30,Kansas,Hufflepuff
123-03-4786,Dame,Gianninotti,58,Arizona,Ravenclaw
620-92-3112,Merlina,Lambert-Ciorwyn,29,California,Ravenclaw
706-99-7827,Nicolai,Hairyes,49,Minnesota,Hufflepuff
374-20-8770,Annadiana,Glaves,37,Georgia,Gryffindor
979-90-9437,Carver,Norsworthy,19,Alabama,Gryffindor
492-94-7534,Selestina,Danielsohn,33,South Carolina,Gryffindor
788-57-9377,Dalston,Kittless,44,New York,Hufflepuff
477-53-9186,Rock,MacCourt,44,Tennessee,Slytherin
364-86-7173,Jennette,Maycey,56,North Carolina,Hufflepuff
224-26-9179,Gian,Evenett,51,Florida,Ravenclaw
587-59-9686,Tally,Povall,28,California,Ravenclaw
454-92-6762,Hymie,Morkham,47,Kentucky,Gryffindor
600-28-4912,Kameko,Acomb,56,California,Hufflepuff
665-57-6788,Elly,Janku,23,Massachusetts,Ravenclaw
608-77-9549,Lezlie,Eckford,29,Kentucky,Gryffindor
751-44-6055,Billye,Merrigan,34,Massachusetts,Slytherin
314-14-9326,Frederique,Cartin,18,Pennsylvania,Hufflepuff
329-88-6839,Roz,Salvin,45,Mississippi,Hufflepuff
135-70-2921,Hayyim,Mc Caughan,32,Texas,Ravenclaw
323-27-7158,Vivie,Aglione,30,Texas,Hufflepuff
260-87-5431,Dolly,Pinnere,50,Indiana,Gryffindor
859-03-6375,Xena,Degg,18,Texas,Hufflepuff
506-16-0678,Vyky,Jacobovitz,39,West Virginia,Slytherin
733-55-4132,Rudolph,Erbain,55,Tennessee,Slytherin
324-98-3642,Maggie,Eltringham,50,Pennsylvania,Gryffindor
847-96-6678,Jasper,Normanville,37,California,Ravenclaw
735-26-6809,Tuckie,Mace,24,California,Hufflepuff
212-08-6852,Noel,Thornborrow,38,Florida,Gryffindor
684-60-9376,Barbara-anne,Dodell,50,Tennessee,Gryffindor
584-66-0046,Jeremie,Simpkiss,51,Colorado,Gryffindor
981-96-5407,Melisse,Badini,55,Virginia,Gryffindor
267-04-5923,Claudianus,Zarfati,42,California,Ravenclaw
846-40-4617,Dominic,Iacovacci,33,Pennsylvania,Hufflepuff
439-78-8854,Gabbie,Teligin,58,North Carolina,Slytherin
874-01-2994,Barney,Nickoles,34,Arizona,Hufflepuff
894-84-9657,Derron,Probey,42,Texas,Ravenclaw
992-99-6770,Barnabe,Muzzi,28,New Mexico,Ravenclaw
187-00-2523,Blondie,Raddon,23,Florida,Gryffindor
641-32-9715,Theadora,Graben,22,New York,Ravenclaw
139-14-3787,Sile,Seniour,40,Georgia,Ravenclaw
450-02-5608,Elli,Gaudon,38,Virginia,Gryffindor
450-68-4663,Lancelot,Camsey,50,Texas,Hufflepuff
487-36-7522,Diannne,Innman,48,Texas,Hufflepuff
744-84-1367,Corbie,Celli,21,Oklahoma,Ravenclaw
876-77-0201,Anjanette,Joney,34,California,Slytherin
705-90-3666,Kerrin,Finnis,51,Iowa,Slytherin
806-00-0513,Frederich,Levings,42,California,Hufflepuff
661-85-0154,Selestina,Emm,24,South Carolina,Gryffindor
840-97-2789,Kort,Dullaghan,48,Texas,Gryffindor
336-74-3940,Konstantin,Radmer,50,California,Gryffindor
918-29-1427,Tomi,Rosen,46,Virginia,Hufflepuff
182-04-2406,Emmet,Ruddle,30,New York,Gryffindor
120-56-1417,Adaline,Crumb,46,New York,Gryffindor
426-60-1718,Daren,Titchmarsh,56,Oklahoma,Slytherin
143-83-2338,Michal,Bowkett,45,California,Ravenclaw
834-66-3517,Marja,Kobiela,22,Michigan,Ravenclaw
611-74-4113,Keefe,Aylesbury,47,North Carolina,Slytherin
909-85-4148,Timofei,Fishley,46,Connecticut,Ravenclaw
692-61-9316,Madelene,Andreev,44,Illinois,Ravenclaw
195-39-4095,Mable,Cicci,25,Virginia,Slytherin
356-15-0005,Bobbye,Angeau,21,North Carolina,Hufflepuff
677-45-4134,Jameson,McRae,50,Washington,Ravenclaw
108-57-3348,Nicola,Gosker,39,Kentucky,Ravenclaw
188-53-6120,Jany,Corneck,34,Kansas,Hufflepuff
155-70-0289,Kassi,Whitcher,58,Washington,Gryffindor
741-37-3063,Staffard,Hagergham,56,Tennessee,Slytherin
225-07-9776,Murry,Ambrosch,47,Delaware,Slytherin
982-25-3619,Kate,Grigolashvill,25,Colorado,Ravenclaw
390-88-9530,Melany,Laxen,31,New York,Gryffindor
183-03-6060,Michele,Barthelme,33,New York,Ravenclaw
514-58-1545,Adaline,Oswal,51,Texas,Slytherin
217-17-3069,Vaughn,Connerry,28,New York,Ravenclaw
588-94-5211,Laura,Abrahamoff,56,Indiana,Hufflepuff
975-58-0676,Hadrian,Darke,36,Alabama,Hufflepuff
642-32-5991,Ashlen,Lowes,35,Michigan,Hufflepuff
499-32-8718,Jesus,Prettejohns,37,California,Slytherin
736-99-2358,Grannie,Hawse,23,Iowa,Ravenclaw
499-11-5478,Linnie,Dondon,53,Florida,Gryffindor
369-40-1951,Leigha,Bruggeman,39,Indiana,Hufflepuff
702-40-8049,Jaime,Willden,24,California,Hufflepuff
158-89-9746,Dick,Hogbourne,49,Ohio,Hufflepuff
390-07-2746,Mace,Corona,47,Illinois,Gryffindor
807-19-1260,Kahlil,Treadaway,57,Florida,Hufflepuff
220-86-1158,Morly,Clucas,21,New York,Hufflepuff
577-66-6805,Quincey,Del Monte,19,District of Columbia,Ravenclaw
768-95-9594,Nathanil,Ruck,49,Kansas,Hufflepuff
678-52-4752,Sigfried,Cordall,56,California,Ravenclaw
459-23-9155,Shay,Rodman,30,Pennsylvania,Gryffindor
203-51-0227,Constantino,Sparry,45,Indiana,Slytherin
415-39-9854,Angil,Tonner,24,District of Columbia,Hufflepuff
748-03-8138,Killie,Banfill,53,New York,Hufflepuff
345-44-1131,Robin,Bru,57,Nevada,Hufflepuff
676-62-5678,Devondra,O' Cloney,36,Florida,Gryffindor
120-95-2704,Pammy,Andersson,21,Georgia,Ravenclaw
650-20-4950,Cully,Shawell,41,Minnesota,Ravenclaw
490-67-5772,Mellisent,Trathan,46,California,Ravenclaw
395-78-1012,Kimberly,Kullmann,52,Missouri,Ravenclaw
862-10-0321,Jaimie,Beteriss,27,Tennessee,Hufflepuff
479-11-1757,Dannie,Lunam,24,California,Hufflepuff
258-18-3142,Sydney,Wolseley,56,Tennessee,Hufflepuff
146-97-7769,Cornall,Folks,50,Florida,Ravenclaw
786-14-0860,Muhammad,Isaaksohn,47,Missouri,Ravenclaw
404-84-8489,Annelise,Villalta,46,District of Columbia,Gryffindor
572-53-7060,Alidia,Corrao,48,Georgia,Hufflepuff
934-66-9475,Francoise,Stowers,47,Iowa,Ravenclaw
771-82-7312,Gerhardt,Goddman,60,Iowa,Slytherin
325-56-6083,Fey,Dilnot,20,Florida,Ravenclaw
991-34-5790,Jasun,Juschka,28,California,Hufflepuff
388-90-5163,Spenser,McGoogan,28,West Virginia,Gryffindor
825-13-5591,Carrie,Harteley,43,Michigan,Slytherin
680-01-2526,Lonnie,Stading,30,New Mexico,Gryffindor
113-83-0525,Nert,Ewbanche,18,Arizona,Hufflepuff
903-81-6545,Hyatt,Tustin,21,West Virginia,Ravenclaw
808-91-7494,Elysee,Fahrenbacher,19,New York,Gryffindor
356-94-2566,Burtie,Plaister,43,Florida,Hufflepuff
786-65-7228,Manda,Jiras,44,Alabama,Ravenclaw
771-10-4458,Fayina,Oldman,47,California,Slytherin
364-71-2492,Gianina,Rummin,58,Wisconsin,Slytherin
741-27-3545,Hermie,Romayn,23,Arkansas,Gryffindor
482-61-2833,Gabi,Fountian,55,Connecticut,Hufflepuff
596-85-5737,Lev,Butting,40,New York,Hufflepuff
289-99-7802,Waylin,Busch,26,Oklahoma,Gryffindor
856-51-6655,Nerty,Brunel,49,Texas,Gryffindor
906-46-0185,Henka,Playle,27,Kentucky,Slytherin
868-76-6926,Baxy,Matteoni,20,Florida,Gryffindor
255-96-7433,Elita,Torbeck,32,North Carolina,Hufflepuff
720-98-4803,Greg,Groven,55,Connecticut,Ravenclaw
607-57-8266,Emalee,Pennycord,46,Tennessee,Gryffindor
210-76-0610,Camille,MacCurley,55,Kansas,Gryffindor
119-10-6988,Aurea,Harbron,19,Texas,Slytherin
582-75-7276,Kylila,Jeffery,33,Wisconsin,Hufflepuff
372-63-8597,Henrietta,Guittet,45,Colorado,Gryffindor
130-22-0411,Myrle,Budding,59,Florida,Ravenclaw
626-45-2861,Vivyan,Candy,54,Virginia,Gryffindor
371-19-3869,Nikaniki,Harlett,48,Florida,Hufflepuff
819-49-7391,Gaspard,Twiggins,46,Kansas,Hufflepuff
281-71-6021,Minda,Linskill,59,Texas,Hufflepuff
705-91-3645,Sanson,Bremond,31,Texas,Slytherin
632-96-5878,Katharina,Bearne,45,Pennsylvania,Hufflepuff
475-07-2484,Ilysa,De Mattei,59,California,Gryffindor
304-14-8983,Tina,Poone,39,Connecticut,Gryffindor
292-06-1530,Maryrose,Caslane,54,North Carolina,Gryffindor
168-74-7726,Gaven,Kittman,21,Massachusetts,Gryffindor
512-69-6919,Benjamin,Blankhorn,31,Georgia,Hufflepuff
627-19-5461,Elberta,Malpass,18,New York,Gryffindor
921-99-2511,Thaddeus,Copping,30,California,Slytherin
393-76-0518,Jojo,Fatkin,26,Texas,Hufflepuff
561-14-9676,Ignace,Laye,44,Pennsylvania,Hufflepuff
373-43-8407,Jenna,Manilo,47,Texas,Gryffindor
898-71-4557,Alfred,Hibling,19,Louisiana,Ravenclaw
180-40-7496,Starr,Barneveld,45,Alabama,Hufflepuff
616-22-2453,Tish,Wetheril,43,California,Ravenclaw
629-65-5121,Tybie,Giles,53,Connecticut,Hufflepuff
676-43-5899,Veronike,Matashkin,51,California,Hufflepuff
417-25-8287,Filia,Carrane,52,Michigan,Gryffindor
197-31-6973,Christen,Pratchett,51,Mississippi,Gryffindor
982-72-1292,Leonanie,Instrell,38,Montana,Slytherin
948-55-8923,Blaire,Kempshall,51,Arizona,Slytherin
119-77-6597,Boony,Jeannet,24,Oklahoma,Hufflepuff
165-52-3082,Maxim,Stilgo,47,West Virginia,Slytherin
225-86-4968,Herta,Brahm,35,Oklahoma,Gryffindor
212-88-6529,Ermentrude,Yellep,27,Louisiana,Hufflepuff
362-44-7823,Rhodie,Finnie,24,District of Columbia,Gryffindor
611-92-7359,Cleon,Clapston,49,Oklahoma,Ravenclaw
455-98-2030,Pansie,Sissot,25,Tennessee,Gryffindor
623-26-7568,Buffy,Tebbitt,31,Oklahoma,Ravenclaw
867-94-7744,Whittaker,Falls,60,California,Slytherin
339-32-5934,Lorens,Gillimgham,28,Missouri,Hufflepuff
440-25-3003,Jedediah,Crowne,49,Alabama,Slytherin
489-85-8393,Cate,Teece,28,Texas,Gryffindor
141-92-2252,Danette,Furzey,46,North Carolina,Gryffindor
507-44-4798,Coletta,McGeraghty,29,South Carolina,Gryffindor
515-02-3159,Carline,Do Rosario,21,Kentucky,Slytherin
882-60-9256,Crystie,Bazylets,58,Hawaii,Slytherin
341-38-0482,Quentin,Pitkins,28,California,Ravenclaw
950-72-5664,Ivette,Dowty,48,Maryland,Hufflepuff
720-13-3290,Minni,Brennenstuhl,34,Illinois,Hufflepuff
542-07-9309,Demetris,Rushmer,54,Louisiana,Slytherin
948-16-0966,Brooks,Likely,25,New York,Slytherin
495-57-6793,Quinn,Filip,60,Colorado,Slytherin
208-71-8373,Fax,Conant,22,Arkansas,Gryffindor
355-93-0647,Roberto,Handforth,37,California,Gryffindor
486-06-7370,Tracy,Dreus,23,Texas,Ravenclaw
402-88-0905,Tami,Mee,21,Oklahoma,Gryffindor
759-92-3021,Jacquette,Kyne,41,Ohio,Hufflepuff
919-34-9384,Bidget,Mackison,25,New York,Hufflepuff
499-43-7917,Fidelity,Kittoe,37,Texas,Gryffindor
337-32-5145,Ignatius,Pitt,21,Texas,Ravenclaw
276-38-4395,Cammie,Hunnisett,41,Maryland,Gryffindor
677-82-3868,Neils,Forcer,28,New York,Ravenclaw
367-24-5178,Lynnett,Ruste,39,California,Hufflepuff
812-21-0048,Virginia,Kovnot,45,California,Hufflepuff
110-49-1496,Timotheus,Brosetti,36,Utah,Hufflepuff
390-87-1484,Patrick,Hurnell,48,Connecticut,Gryffindor
571-50-6179,Foss,Brockelsby,39,South Carolina,Slytherin
704-82-3366,Oates,Penn,45,Michigan,Slytherin
467-83-4846,Perkin,Pea,39,Kansas,Slytherin
368-28-9207,Fransisco,Leese,50,Alabama,Hufflepuff
612-22-7029,Adolph,Dillicate,46,California,Gryffindor
560-29-6963,Lenna,D'eathe,23,New York,Slytherin
469-37-0269,Zandra,Stafford,49,California,Slytherin
236-43-7599,Lem,Bourbon,37,Arkansas,Gryffindor
550-88-5813,Monah,Josowitz,52,Washington,Slytherin
816-80-5032,Aaron,Skone,30,New York,Hufflepuff
889-80-9154,Burlie,Brain,56,Connecticut,Hufflepuff
425-83-4687,Patrice,Baldry,55,Florida,Gryffindor
917-34-1222,Noak,Guerriero,50,Texas,Slytherin
305-04-9668,Albie,Redmond,35,California,Slytherin
712-64-9374,Natalie,Pesticcio,54,Florida,Hufflepuff
976-93-2339,Ardelia,Boggis,18,California,Gryffindor
270-99-9463,Kristan,Tettley,49,Nevada,Hufflepuff
892-03-7393,Ingmar,Bage,32,Texas,Gryffindor
239-72-7328,Elvira,Searight,45,Delaware,Ravenclaw
527-27-2300,Adey,Pointin,50,Texas,Hufflepuff
846-40-1987,Dickie,Bullen,36,Georgia,Ravenclaw
145-60-8980,Stoddard,Shills,27,Virginia,Gryffindor
571-02-3407,Elicia,Sugg,60,Indiana,Gryffindor
444-74-6137,Henry,Hollingsby,44,West Virginia,Ravenclaw
564-42-1746,Pearl,Dyment,38,Nevada,Ravenclaw
640-30-9535,Fredi,Airey,44,California,Gryffindor
248-67-0685,Urban,MacAllester,27,Illinois,Ravenclaw
388-64-9366,Geoff,Maytom,41,Mississippi,Gryffindor
799-93-5634,Rupert,Scatcher,45,Washington,Ravenclaw
264-92-3556,Rachelle,Camoys,57,Texas,Gryffindor
167-28-1712,Wernher,O' Borne,26,Texas,Gryffindor
384-62-3472,Catina,Myrie,53,California,Hufflepuff
919-73-5648,Arv,Pettett,41,New York,Hufflepuff
548-08-3394,Amelia,Cansdall,60,Georgia,Slytherin
125-84-9936,Orv,Kesey,55,Virginia,Hufflepuff
730-90-4892,Ev,Whitley,40,Kansas,Slytherin
189-01-4886,Gerri,Boyett,45,Connecticut,Ravenclaw
576-63-7734,Kirby,Worham,20,Texas,Gryffindor
862-18-2263,Eloisa,Osgodby,48,South Carolina,Ravenclaw
575-81-9309,Irena,Skilton,32,Georgia,Slytherin
778-73-8698,Celesta,Gant,29,Texas,Slytherin
346-70-5919,Krystyna,Naire,27,Texas,Slytherin
191-88-3348,Cynthie,Levens,32,Texas,Hufflepuff
420-27-3930,Katha,Bredgeland,31,California,Ravenclaw
946-60-9795,Ashia,Paule,52,Rhode Island,Gryffindor
609-11-7436,Coral,Kira,26,Louisiana,Ravenclaw
132-58-6914,Malina,Swithenby,43,Ohio,Ravenclaw
685-83-8752,Nikolos,Pach,51,District of Columbia,Ravenclaw
564-86-1850,Binni,Kean,21,Kansas,Ravenclaw
152-13-7283,Merrill,Wolledge,18,Texas,Slytherin
723-18-2517,Frannie,Hartless,24,California,Ravenclaw
222-45-2849,Noami,Folds,40,Indiana,Ravenclaw
332-03-1212,Eolande,Clementel,24,California,Ravenclaw
503-70-9417,Coralyn,Kendall,36,Idaho,Gryffindor
113-07-3208,Berkly,Tettley,58,District of Columbia,Ravenclaw
646-80-4219,Alaine,Phizackerly,48,Georgia,Slytherin
143-33-4968,Freddy,Necolds,43,Georgia,Hufflepuff
552-15-7921,Silvano,Chrystie,18,Florida,Ravenclaw
826-39-2622,Thea,Janik,56,Texas,Hufflepuff
408-44-4686,Bendicty,Kuhwald,48,Oklahoma,Slytherin
992-11-2805,Wandie,Maguire,43,Texas,Slytherin
373-30-0911,Conny,Cabell,32,California,Gryffindor
944-93-3482,Roarke,Aldham,41,Texas,Gryffindor
820-10-5509,Arther,Palphramand,28,Massachusetts,Hufflepuff
867-54-4241,Shellysheldon,Merrifield,31,Texas,Hufflepuff
600-97-6571,Alastair,Ashall,25,West Virginia,Slytherin
931-96-3565,Rosalyn,Anderton,59,Ohio,Slytherin
378-62-4796,Lissy,Signori,59,District of Columbia,Hufflepuff
325-52-9360,Bevvy,Letty,55,California,Ravenclaw
977-03-9622,Clovis,Janaszkiewicz,26,Tennessee,Hufflepuff
755-52-7207,Antonino,Palfrey,30,Florida,Ravenclaw
508-68-1079,Judy,Maty,20,Illinois,Ravenclaw
366-07-1833,Cassy,Nemchinov,26,Iowa,Slytherin
301-59-8842,Gary,Dimitriou,51,California,Ravenclaw
640-23-7345,Erna,Maxwale,44,Massachusetts,Slytherin
866-56-8710,Nye,Silvers,30,Louisiana,Ravenclaw
831-53-4105,Magdalen,Thompkins,59,Alabama,Ravenclaw
801-83-2438,Elisha,Tooke,36,Florida,Gryffindor
356-89-7090,Boony,De Andreis,58,Louisiana,Gryffindor
727-65-4632,Merrile,Dessant,37,New Jersey,Hufflepuff
674-40-0195,Jamie,Zuann,30,Georgia,Ravenclaw
622-50-6872,Bibbye,Giberd,34,California,Slytherin
128-74-3022,Mahmoud,Osband,23,Michigan,Ravenclaw
480-04-6522,Corrianne,MacLure,28,California,Hufflepuff
939-83-8518,Delainey,Baldery,60,Florida,Slytherin
943-48-3340,Edik,Lanaway,19,Alabama,Hufflepuff
526-62-5132,Amaleta,O'Donnell,46,Missouri,Gryffindor
632-85-1689,Babara,Sapir,59,District of Columbia,Hufflepuff
198-76-4344,Mireielle,Augustus,24,Georgia,Slytherin
969-92-6437,Zea,Lammerts,45,Texas,Ravenclaw
786-89-5715,Dermot,Palliser,31,District of Columbia,Slytherin
540-92-5899,Parker,Gierke,47,North Carolina,Slytherin
187-19-0929,Eloisa,Garritley,37,Michigan,Ravenclaw
783-49-1656,Antonella,Cawston,60,Nevada,Slytherin
334-15-4246,Averill,Shorthouse,57,California,Gryffindor
335-64-8062,Dene,Dalinder,27,Ohio,Hufflepuff
835-66-8816,Nealy,Knellen,46,Colorado,Gryffindor
716-68-7251,Ethe,Laffin,18,Florida,Slytherin
508-29-5408,Ikey,Matuszynski,53,District of Columbia,Hufflepuff
556-62-3367,Trudie,Riolfi,24,Kansas,Gryffindor
196-91-9988,Pattie,Daglish,29,Washington,Slytherin
237-67-8603,Rhianna,Points,18,Louisiana,Hufflepuff
349-51-0904,Betta,Wardle,40,Florida,Ravenclaw
430-98-0068,Tyrus,Mapes,32,Colorado,Ravenclaw
529-34-1269,Gasper,Sibley,59,Florida,Ravenclaw
710-13-5882,Hewe,Buckham,40,Arizona,Hufflepuff
188-51-9653,Germain,Ugolotti,19,Virginia,Hufflepuff
402-51-3573,Katharyn,Parlatt,30,Indiana,Slytherin
127-14-6239,Lisle,Vaszoly,43,New York,Hufflepuff
252-05-9990,Philomena,Begin,48,West Virginia,Ravenclaw
532-11-0922,Pippo,Fothergill,39,Tennessee,Slytherin
342-48-4596,Nanon,Hornig,48,Florida,Ravenclaw
877-16-0912,Rem,Mallinar,56,Illinois,Gryffindor
316-81-7654,Penny,Ailmer,43,Pennsylvania,Hufflepuff
725-54-1978,Randy,Yo,51,California,Slytherin
173-31-3198,Selena,Renhard,37,Georgia,Slytherin
673-44-1559,Merrill,Matthias,42,Florida,Gryffindor
661-87-1188,Mile,Yakubowicz,49,Virginia,Hufflepuff
535-02-6712,Alexine,Tooke,49,Massachusetts,Hufflepuff
279-88-3681,Branden,Adkin,24,Massachusetts,Hufflepuff
295-49-8555,Adria,Seiter,41,District of Columbia,Ravenclaw
281-77-8308,Carlie,Pady,25,Florida,Gryffindor
357-68-8151,Maddy,Chesson,31,New Jersey,Gryffindor
983-02-4913,Shoshana,Sharrocks,23,Florida,Slytherin
693-65-0595,Jessy,Jentges,39,District of Columbia,Hufflepuff
209-07-8329,Nannette,Turgoose,18,Colorado,Hufflepuff
133-37-4038,Christabella,Durrad,59,Iowa,Ravenclaw
289-07-7214,Ottilie,Meddows,29,Texas,Slytherin
599-66-5920,Aurie,Linacre,45,Alabama,Hufflepuff
196-02-6219,Roderich,Cuer,30,Texas,Slytherin
307-62-0683,Odette,Fackney,45,New Jersey,Hufflepuff
484-74-0292,Gabriellia,Cristoforetti,23,District of Columbia,Gryffindor
947-99-3673,Gretal,Lynskey,52,New Jersey,Gryffindor
852-16-6581,Idette,Grzegorzewski,55,Iowa,Ravenclaw
121-31-2500,Meggie,Vagges,41,California,Gryffindor
498-63-2731,Teador,Cawthera,27,Alabama,Slytherin
310-20-7855,Merill,Janout,55,Texas,Hufflepuff
509-77-5689,Alika,Cortes,38,New York,Gryffindor
566-44-6421,Kimbell,Boocock,27,Oklahoma,Ravenclaw
187-70-1668,Creight,Shemelt,19,Alabama,Gryffindor
360-84-3727,Philippa,Trebbett,60,Ohio,Ravenclaw
418-20-0077,Demetre,Brislan,29,Pennsylvania,Gryffindor
218-22-0523,Hayyim,Bartlam,38,Florida,Hufflepuff
460-50-6186,Jory,Brisco,59,California,Slytherin
287-50-2303,Hillel,Erie,22,Texas,Gryffindor
975-90-1026,Tallou,Gorvin,25,Alabama,Gryffindor
182-61-8861,Truman,Salzberger,51,California,Slytherin
848-84-5352,Tressa,Missen,54,Indiana,Hufflepuff
713-62-4153,Blithe,Borrowman,55,California,Gryffindor
494-99-6515,Karlie,Skelbeck,32,Ohio,Gryffindor
591-13-0819,Jane,Ivantsov,51,Virginia,Gryffindor
234-67-2842,Kacie,Havill,20,California,Slytherin
878-09-8410,Virginie,Grunder,57,New York,Gryffindor
312-53-5691,Brandie,Gregoretti,51,Georgia,Ravenclaw
979-79-0535,Shirline,Fairchild,51,Washington,Hufflepuff
685-01-4824,Claudina,Murrthum,57,Tennessee,Slytherin
638-94-0075,Dottie,Belloch,52,Ohio,Ravenclaw
452-20-8518,Jarvis,Tambling,35,Ohio,Slytherin
317-11-1653,Sheri,Triggs,42,Florida,Ravenclaw
771-24-7955,Jade,Friedenbach,27,Missouri,Hufflepuff
311-71-9752,Christel,Kirgan,31,Florida,Ravenclaw
502-81-3429,Matthus,Karleman,25,Washington,Ravenclaw
777-60-4129,Cristina,Beenham,57,California,Slytherin
991-59-6148,Shantee,Velti,56,Wisconsin,Hufflepuff
733-76-2335,Devonna,Drayson,60,Texas,Ravenclaw
667-84-7090,Lucilia,Goathrop,57,Colorado,Ravenclaw
426-77-0523,Tallulah,Leppard,54,Texas,Hufflepuff
950-29-4928,Aime,Wynrahame,51,Washington,Hufflepuff
329-15-6163,Enid,Reeman,18,New York,Gryffindor
899-14-7430,Lottie,Blackley,53,New Jersey,Slytherin
509-53-9379,Basile,Pahlsson,51,California,Hufflepuff
262-19-1391,Janella,Fradson,34,Iowa,Slytherin
520-34-6606,Burke,Parncutt,31,Arizona,Slytherin
378-69-4322,Otho,Joris,31,Nevada,Ravenclaw
934-76-1990,Rex,Stitson,57,District of Columbia,Slytherin
531-76-4802,Darn,English,47,New York,Slytherin
959-81-2303,Ailina,Minette,39,New York,Slytherin
610-88-5030,Lusa,Thacke,60,Texas,Gryffindor
437-66-0315,Natividad,Makepeace,27,Louisiana,Ravenclaw
557-24-2752,Chen,McGeady,53,California,Gryffindor
693-19-1229,Bondie,Sigars,33,California,Ravenclaw
423-31-1825,Selle,Madden,25,Texas,Ravenclaw
604-48-1387,Claudius,Gowdy,44,Michigan,Hufflepuff
738-21-5970,Viki,Starte,52,New York,Hufflepuff
362-92-0815,Vanna,Thecham,59,Minnesota,Hufflepuff
800-96-0683,Lazarus,Bompas,50,California,Slytherin
106-58-2369,Buckie,Hedan,29,Arizona,Hufflepuff
576-07-4391,Ketty,Mertgen,48,North Carolina,Slytherin
928-70-8782,Loria,Yandle,37,Louisiana,Gryffindor
229-16-0650,Douglas,Camerati,49,Texas,Ravenclaw
702-82-5833,Nil,De Blase,41,Ohio,Gryffindor
484-49-4020,Kitty,Allsop,44,Texas,Hufflepuff
411-24-5140,Gregoire,Dikes,26,Nebraska,Hufflepuff
231-08-5188,Magdalene,Sindle,32,Mississippi,Ravenclaw
698-10-1339,Harris,Pinn,26,Texas,Slytherin
695-28-6892,Gavan,Pieracci,53,District of Columbia,Gryffindor
181-21-2865,Myrah,Serle,56,Louisiana,Gryffindor
865-14-5346,Dorey,Grafom,27,Georgia,Hufflepuff
270-54-0058,Brittni,O'Cassidy,25,Louisiana,Hufflepuff
275-26-5818,Mack,Truelove,33,California,Hufflepuff
550-40-7869,Zandra,Butrimovich,51,New Jersey,Slytherin
123-38-1291,Nickolas,Mumbray,42,New York,Ravenclaw
985-43-5956,Giana,Baptist,43,Minnesota,Ravenclaw
682-88-7642,Cristionna,Oldridge,46,Alabama,Hufflepuff
276-82-5675,Bobbe,Lowfill,60,California,Hufflepuff
448-65-1886,Ellis,Feighry,23,Florida,Hufflepuff
129-60-4516,Yasmeen,Dirr,52,District of Columbia,Gryffindor
143-08-3438,Frederik,Salmon,56,Missouri,Ravenclaw
893-45-1241,Emmalee,Belding,19,Massachusetts,Slytherin
686-19-5973,Margaretta,Calvert,57,Connecticut,Slytherin
594-54-9531,Cullie,Breslane,60,Massachusetts,Slytherin
941-61-4332,Frayda,Applewhite,29,Missouri,Ravenclaw
540-35-3443,Renelle,Portwain,41,District of Columbia,Hufflepuff
377-17-9489,Humberto,Morville,29,Arizona,Ravenclaw
836-33-3747,Calley,Ragbourne,57,Illinois,Gryffindor
332-55-3346,Jillane,Matresse,33,South Dakota,Gryffindor
636-42-3681,Tabby,Manginot,36,Georgia,Slytherin
246-66-1303,Christye,Cock,58,Texas,Gryffindor
425-30-2274,Haywood,Tysack,28,West Virginia,Hufflepuff
354-81-7597,Vic,Rayhill,48,Ohio,Gryffindor
245-73-1227,Jilleen,Wyett,28,Illinois,Ravenclaw
906-28-0958,Burnaby,Looney,25,Nebraska,Ravenclaw
592-44-1337,Dav,Spillman,49,Indiana,Gryffindor
303-65-0262,Daisey,Quinevan,44,Pennsylvania,Gryffindor
649-26-4603,Ann,Gedling,38,Virginia,Ravenclaw
438-38-0006,Myrtia,Kilfeather,24,Connecticut,Slytherin
653-86-9867,Wilmar,Blazej,35,Missouri,Gryffindor
646-57-3737,Batholomew,Spadeck,32,Ohio,Slytherin
989-81-1466,Rici,Shoebrook,37,Iowa,Slytherin
715-54-5768,Nolie,Folker,38,California,Gryffindor
229-91-0822,Cesya,Basindale,20,Massachusetts,Ravenclaw
930-76-6596,Randee,Handy,19,Illinois,Gryffindor
608-51-2077,Keane,Rogliero,34,California,Ravenclaw
313-72-5931,Nefen,Baylis,35,North Carolina,Gryffindor
382-37-8648,Bren,Gheorghescu,33,South Dakota,Hufflepuff
458-43-5959,Rab,Gregson,59,North Carolina,Slytherin
757-54-6772,Leisha,Kasher,51,Georgia,Slytherin
415-12-6040,Abran,Maddaford,25,Florida,Hufflepuff
462-58-4290,Reinaldos,MacGilmartin,47,Alabama,Slytherin
781-12-1556,Archambault,Jacketts,27,Illinois,Hufflepuff
566-14-6245,Elayne,Duguid,49,Massachusetts,Ravenclaw
143-69-0979,Finn,Livesay,25,Texas,Ravenclaw
467-88-7616,Nerissa,Borrott,29,Maryland,Hufflepuff
936-13-0924,Eugenia,Moreby,42,California,Hufflepuff
637-74-2829,Jourdan,Millmoe,60,Oregon,Slytherin
904-25-9614,Erminia,Gosney,32,Georgia,Gryffindor
142-70-4917,Base,Churchill,50,Virginia,Hufflepuff
698-38-7708,Maighdiln,Gainseford,41,Georgia,Gryffindor
855-22-8964,Johan,Tenman,46,Virginia,Slytherin
890-97-5093,Eldon,Molesworth,24,Tennessee,Gryffindor
198-40-1675,Irita,Sandwich,31,Texas,Ravenclaw
841-54-2450,Carney,Downing,36,Texas,Ravenclaw
203-27-5864,Catlin,Pendrigh,45,New York,Slytherin
330-24-2302,Fonz,Greeves,50,California,Gryffindor
749-29-0903,Jarib,Trevear,44,Oklahoma,Hufflepuff
678-43-3103,Shea,Olifaunt,51,Indiana,Hufflepuff
567-41-2807,Edmon,Whordley,21,Ohio,Ravenclaw
101-16-6846,Babs,Borthe,31,California,Ravenclaw
305-77-5100,Townsend,Billie,19,Texas,Hufflepuff
191-31-6512,Bertine,Gethings,36,Oklahoma,Slytherin
198-43-8838,See,Scranney,45,Utah,Ravenclaw
196-42-3166,Adara,Vasiliev,59,California,Ravenclaw
977-89-7763,Jori,Grimmett,49,New York,Gryffindor
263-25-8366,Forbes,Huson,56,Alabama,Hufflepuff
252-31-5368,Abbot,Stronge,34,Utah,Hufflepuff
872-26-3042,Domingo,Bage,20,North Dakota,Hufflepuff
933-25-6192,Bernhard,How,54,Pennsylvania,Hufflepuff
514-80-4327,Rochester,Bartoletti,33,Texas,Slytherin
245-31-9767,Madge,Northleigh,31,Florida,Ravenclaw
576-11-3420,Suki,Vieyra,22,Texas,Ravenclaw
416-26-7666,Sumner,Loxton,18,Florida,Ravenclaw
540-39-9209,Bertrando,Raubheim,40,Washington,Slytherin
106-57-9071,Rasia,Mammatt,20,Wisconsin,Slytherin
426-17-9468,Faydra,Ygou,43,Louisiana,Hufflepuff
949-46-0974,Torr,Simmen,21,Alabama,Hufflepuff
921-22-2575,Tanya,Wipper,42,North Carolina,Ravenclaw
608-30-0095,Gale,Thurling,22,Massachusetts,Slytherin
431-72-5460,Krishnah,Fairbrother,39,Nebraska,Ravenclaw
721-03-9330,Paolina,Peealess,34,Alabama,Ravenclaw
267-59-6802,Conrado,Treuge,32,Michigan,Ravenclaw
952-58-7324,Marijn,Brandts,43,Texas,Gryffindor
585-67-8181,Dunc,Bletcher,58,Texas,Slytherin
231-22-5380,Trudey,Wincott,27,Florida,Slytherin
434-17-9240,Starr,Yann,49,Oregon,Ravenclaw
962-35-6720,Bunnie,Goudie,21,California,Ravenclaw
439-12-9033,Harlan,Coom,33,Illinois,Gryffindor
800-19-4750,Maddie,Sallenger,45,District of Columbia,Ravenclaw
180-70-9081,Shannah,Sains,28,Florida,Slytherin
328-46-8362,Haskell,MacDonell,54,Nevada,Slytherin
282-94-0768,Isidore,Davidy,49,Minnesota,Ravenclaw
652-00-8656,Verile,Wheelband,56,Florida,Hufflepuff
253-34-2721,Halley,Ivatt,44,Hawaii,Gryffindor
261-17-9585,Trstram,Kilius,20,Florida,Hufflepuff
448-14-2842,Merrielle,Greave,60,Nevada,Gryffindor
609-94-5524,Hadleigh,Clowser,22,Maryland,Slytherin
936-92-1263,Cicily,Kuschek,51,California,Slytherin
712-01-4940,Phillip,Myerscough,32,Louisiana,Gryffindor
714-54-1956,Butch,ducarme,29,Maryland,Gryffindor
514-94-4808,Berke,Fyndon,60,Alabama,Slytherin
844-24-0352,Orlan,Leavry,32,Florida,Gryffindor
665-81-3979,Dalia,Moorman,45,California,Hufflepuff
394-99-5172,Crystal,Caris,33,Florida,Hufflepuff
554-83-2188,Zelig,Clinton,36,New York,Ravenclaw
274-98-6428,Rikki,Castro,51,Arizona,Slytherin
383-87-6619,Wallie,Toppin,35,Texas,Slytherin
508-98-3408,Sibyl,Attryde,42,New Mexico,Gryffindor
281-87-6710,Bo,Frowd,37,Florida,Ravenclaw
358-23-5650,Jaynell,Durman,46,Florida,Ravenclaw
742-60-6925,D'arcy,Murra,36,Illinois,Hufflepuff
159-26-6259,Marinna,Quinet,48,North Dakota,Ravenclaw
966-50-1010,Blakelee,Briddle,45,Pennsylvania,Hufflepuff
833-72-5389,Monty,Graffin,26,Kentucky,Ravenclaw
155-84-1157,Mischa,Aylwin,50,North Carolina,Ravenclaw
726-13-8413,Thomasina,Kliment,57,Utah,Gryffindor
929-76-7374,Walt,Pietersma,30,Oklahoma,Ravenclaw
672-05-1854,Fernando,Fawdry,34,Indiana,Gryffindor
766-52-9243,Judah,Aleksandrikin,58,Texas,Hufflepuff
750-66-8438,Sebastien,Leipnik,40,Delaware,Gryffindor
362-48-4630,Constantino,Aubrey,36,Washington,Slytherin
557-11-8794,Derward,Kilius,59,Florida,Hufflepuff
133-87-6843,Aylmer,Heffy,60,Texas,Hufflepuff
378-60-4400,Rance,Kuschel,21,California,Ravenclaw
352-82-1344,Darin,Everiss,31,Virginia,Slytherin
569-97-9220,Barthel,Crate,58,Texas,Slytherin
234-28-2317,Griswold,Westmerland,43,Indiana,Ravenclaw
182-23-7041,Owen,Muress,25,Georgia,Gryffindor
915-75-5968,Kacie,Lorenzini,45,Alaska,Hufflepuff
712-98-2571,Lizzie,Currey,38,Colorado,Slytherin
543-17-9046,Artair,Speke,36,Ohio,Hufflepuff
413-12-0158,Cornie,Mulliner,35,Kansas,Ravenclaw
705-51-3936,Holly,Matt,22,Virginia,Hufflepuff
321-00-2609,Jessey,Forryan,23,California,Ravenclaw
871-44-1177,Darell,Galbreth,26,Virginia,Slytherin
683-33-9257,Stanislas,Lambotin,32,California,Ravenclaw
392-14-1477,Sutton,Frarey,34,California,Ravenclaw
976-50-7249,Christoper,Traynor,27,Connecticut,Slytherin
596-65-3724,Ainslee,Pierce,28,Arizona,Slytherin
736-50-0496,Gabbey,Tendahl,21,North Carolina,Ravenclaw
149-11-2055,Leann,Bowhey,47,Louisiana,Hufflepuff
396-35-0777,Boris,Erangy,55,Texas,Slytherin
417-99-9576,Base,Ludron,32,Louisiana,Ravenclaw
287-00-2223,Tabbie,Philipps,42,Oregon,Ravenclaw
781-20-0413,Nickie,Runcieman,32,New York,Hufflepuff
540-97-1976,Fredrick,Skade,24,California,Ravenclaw
650-40-1391,Clemmy,Barlthrop,20,Tennessee,Gryffindor
841-17-6800,Lenee,Works,44,Nevada,Slytherin
988-33-5130,Alana,Backs,34,North Carolina,Ravenclaw
417-00-9325,Siffre,Norwell,23,Alabama,Slytherin
412-34-3825,Hanny,Hendriksen,28,Virginia,Hufflepuff
922-20-1142,Cully,Benne,42,Missouri,Hufflepuff
883-08-4212,Wilden,Perago,37,Florida,Slytherin
841-14-4968,Kliment,Lake,35,North Carolina,Ravenclaw
140-62-1598,Osbourn,Coytes,35,Virginia,Hufflepuff
758-88-4069,Valentino,Bruggeman,52,Kansas,Gryffindor
837-01-1566,Norbie,Peotz,33,Iowa,Slytherin
104-74-0992,Abbe,Chestnut,46,California,Slytherin
419-50-2810,Lorianne,Bearcroft,35,California,Slytherin
902-52-2806,Leonardo,Bond,35,Utah,Ravenclaw
952-04-1231,Alfy,Lantuff,57,California,Slytherin
753-61-4201,Grete,Avramov,57,Virginia,Gryffindor
121-85-1766,Martita,Arger,21,Ohio,Slytherin
136-10-9223,Drusie,Buscombe,51,New York,Slytherin
642-76-2456,Geno,Clemmens,23,California,Hufflepuff
596-11-4650,Buddie,Gotthard,47,Georgia,Slytherin
344-29-5584,Masha,Dohmann,52,Ohio,Ravenclaw
774-62-7120,Drusi,Yablsley,60,Texas,Gryffindor
983-09-2275,Nonie,Silverlock,47,New Jersey,Ravenclaw
506-85-9879,Sophey,Sleith,28,Indiana,Gryffindor
330-34-0004,Jo-ann,Petschelt,47,Florida,Slytherin
215-04-5905,Gloriana,Smallthwaite,50,Maryland,Hufflepuff
302-26-0385,Burke,Oran,57,Texas,Ravenclaw
698-82-7554,Bridget,Freshwater,21,Texas,Gryffindor
177-94-7760,Roxanna,Christie,32,Indiana,Hufflepuff
106-05-5437,Hilliard,Livesay,32,Massachusetts,Slytherin
726-27-0283,Gretel,Roust,54,Texas,Ravenclaw
882-18-3453,Georgeta,Paraman,55,Kansas,Ravenclaw
245-55-2229,Prudence,Preedy,19,California,Ravenclaw
629-66-9792,Evanne,Whales,24,Hawaii,Gryffindor
852-74-7572,Ernie,Somerled,23,Texas,Ravenclaw
140-80-8934,Debby,Nelthorp,35,California,Hufflepuff
320-96-2552,Lurette,Janes,24,Pennsylvania,Ravenclaw
384-73-2126,Augustine,Horsley,23,Florida,Hufflepuff
922-93-2780,Ara,Haveline,57,Indiana,Slytherin
385-61-5863,Rickie,Hillam,27,California,Gryffindor
435-83-0458,Madge,Colliber,18,Indiana,Hufflepuff
572-18-9337,Leanna,Profit,39,Nebraska,Slytherin
565-53-0981,Magdalen,Mayor,48,California,Hufflepuff
373-25-9020,Kaylil,Wolford,41,California,Gryffindor
447-25-4981,Darb,Fitzhenry,19,California,Gryffindor
256-00-4668,Natty,Gethins,23,New York,Slytherin
260-52-7265,Ketti,Ruprecht,46,North Carolina,Hufflepuff
308-94-3021,Vina,Lamport,44,New Jersey,Hufflepuff
778-71-9423,Andie,Mumm,25,Connecticut,Gryffindor
665-59-2009,Casar,Galle,52,California,Gryffindor
955-62-3619,Sandie,Scarf,36,California,Gryffindor
609-03-1790,Rustie,Symms,55,North Carolina,Gryffindor
664-10-0379,Milt,O'Towey,26,New York,Hufflepuff
648-52-1464,King,Kennedy,28,Oklahoma,Gryffindor
329-65-1372,Boot,Mathivat,27,New York,Gryffindor
146-18-6380,Rahel,De Lascy,19,California,Hufflepuff
192-35-8902,Melessa,Gansbuhler,20,New York,Ravenclaw
454-58-5730,Gwyn,Lathee,26,Missouri,Hufflepuff
778-98-5469,Coralie,McGray,34,Georgia,Slytherin
210-57-3414,Netty,Dudding,54,Florida,Slytherin
450-54-6965,Coretta,Rivenzon,29,Texas,Ravenclaw
748-39-5742,Tersina,Pietzker,41,Connecticut,Hufflepuff
904-45-3129,Dalia,Tomkins,23,Virginia,Hufflepuff
437-81-3791,Langston,Pinchback,55,Texas,Slytherin
538-83-3815,Eleen,Castiello,42,New York,Hufflepuff
129-70-0837,Shell,Huertas,45,Kentucky,Gryffindor
364-37-3691,Pegeen,Brando,41,Minnesota,Ravenclaw
864-45-7409,Marysa,Colchett,59,California,Gryffindor
709-05-9456,Kelwin,Collinette,31,North Carolina,Hufflepuff
677-29-4575,Bathsheba,Hateley,56,Oklahoma,Slytherin
124-65-0398,Catharine,Farlam,39,California,Ravenclaw
919-63-0042,Benjy,Buckingham,52,Pennsylvania,Slytherin
309-50-4117,Belia,Sibylla,52,Michigan,Hufflepuff
231-13-0228,Robby,Hradsky,38,New York,Slytherin
517-17-1769,Isadora,Tanguy,41,Minnesota,Gryffindor
612-17-4026,Candice,Robb,32,Georgia,Slytherin
780-65-6350,Leonelle,Tallman,27,California,Ravenclaw
546-19-8518,Odell,Delgardillo,42,Florida,Ravenclaw
611-50-1476,Jacquette,Eastmond,38,Oregon,Gryffindor
484-48-5958,Roldan,O'Curran,30,Louisiana,Hufflepuff
418-21-7472,Anna-diane,Loren,30,Kansas,Ravenclaw
595-06-5033,Ruddie,Glassup,35,Iowa,Gryffindor
109-23-6037,Kippie,Purser,30,Ohio,Hufflepuff
314-08-7958,Claudell,Baguley,38,Texas,Slytherin
778-40-7339,Shelagh,Mant,46,Florida,Gryffindor
266-86-7876,Harmonie,Knight,44,California,Gryffindor
648-03-9358,Sallie,Wotton,48,Nevada,Slytherin
418-45-4134,Phaedra,Van Oort,53,Oregon,Ravenclaw
788-16-6381,Pavlov,McGaughay,58,Florida,Slytherin
892-41-9521,Selie,Leaming,39,New York,Ravenclaw
179-94-6677,Richart,Easby,37,Florida,Ravenclaw
537-93-1890,Butch,Hutchcraft,33,Colorado,Hufflepuff
459-18-0988,Nathalie,Drioli,26,Nebraska,Gryffindor
222-59-3491,Melinde,Ebsworth,31,Texas,Slytherin
853-65-3804,Gardner,Lynnett,55,Alabama,Ravenclaw
231-46-3787,Cort,Cornilleau,49,Washington,Gryffindor
640-41-4496,Bo,Drable,46,West Virginia,Ravenclaw
622-86-6419,Julio,Mensler,34,Maryland,Gryffindor
196-46-6313,Ronna,Catterick,46,Florida,Slytherin
805-33-3125,Lindsey,Attryde,40,California,Slytherin
432-46-3078,Arielle,Gait,50,West Virginia,Ravenclaw
588-20-0074,Angel,Tear,53,West Virginia,Slytherin
940-88-5960,Denys,Marusyak,40,Tennessee,Ravenclaw
378-51-7059,Dody,Dochon,46,California,Ravenclaw
895-89-4155,Kitti,Minico,27,California,Ravenclaw
267-76-7385,Hagen,Dutton,55,West Virginia,Hufflepuff
273-17-6178,Gillie,Auger,53,California,Gryffindor
522-73-8830,Bowie,Hulke,59,Ohio,Slytherin
283-90-9900,Raimundo,Mahood,52,Indiana,Ravenclaw
979-57-3684,Octavia,Babst,46,Wisconsin,Ravenclaw
472-85-6431,Marge,Rothwell,30,Michigan,Ravenclaw
706-49-4131,Rad,Dunwoody,36,Texas,Hufflepuff
344-37-1383,Corabelle,Brisse,51,South Carolina,Slytherin
122-82-0956,Corly,Bothams,23,Mississippi,Ravenclaw
824-71-7018,Burtie,Livings,39,Ohio,Slytherin
484-36-8288,Gaylor,Vango,43,Wisconsin,Slytherin
204-48-3024,Sunshine,Lemme,57,Florida,Slytherin
989-01-9292,Sterling,Judson,19,Texas,Ravenclaw
327-66-0194,Edan,Blyden,26,Tennessee,Gryffindor
550-65-2132,Wynny,Burdess,40,Texas,Hufflepuff
951-67-0302,Dolly,Fishpoole,57,California,Hufflepuff
570-69-6146,Ethe,Paterno,59,Connecticut,Hufflepuff
201-88-3819,Chester,Game,55,South Carolina,Ravenclaw
886-11-5379,Shae,Milesap,27,Virginia,Gryffindor
999-97-8620,Sheba,Stambridge,54,California,Gryffindor
425-31-3728,Fritz,Spikins,27,California,Ravenclaw
149-02-6491,Goddart,McGeagh,57,Florida,Ravenclaw
219-46-0164,Allina,Facey,32,Massachusetts,Slytherin
333-89-8468,Jacqui,Jagger,42,Missouri,Ravenclaw
709-89-3377,Evy,Goodswen,53,Virginia,Gryffindor
424-87-3344,Beniamino,Knapper,47,Texas,Hufflepuff
480-44-7845,Lorita,Date,36,Illinois,Hufflepuff
361-30-8304,Ingra,Rikkard,47,Arkansas,Hufflepuff
786-03-7838,Wolfy,Kingsbury,18,Pennsylvania,Hufflepuff
736-17-6006,Nadiya,Trewhella,19,Florida,Ravenclaw
509-22-5101,Yoshiko,Vesco,24,New York,Hufflepuff
288-86-4974,Berty,Catteroll,46,Florida,Slytherin
495-77-2924,Courtnay,Broadberrie,58,Alaska,Ravenclaw
619-09-8875,Vyky,Tolefree,38,Georgia,Ravenclaw
750-73-2510,Lay,Dike,34,California,Hufflepuff
294-93-4236,Briny,De Freitas,43,Connecticut,Gryffindor
344-15-7969,Vivia,Goldsberry,34,Illinois,Slytherin
781-46-0249,Donal,Renals,51,Florida,Hufflepuff
131-95-5241,Dulcinea,Marr,22,Texas,Slytherin
307-55-6473,Diannne,Simony,35,Texas,Gryffindor
116-42-2014,Crissy,Matejka,54,New York,Gryffindor
575-45-9431,Claudius,Mullender,24,Pennsylvania,Ravenclaw
449-47-1829,Kinnie,Mathivat,59,Oklahoma,Slytherin
860-36-3852,Shannah,Doghartie,34,California,Ravenclaw
710-53-1594,Jamison,Charlotte,48,Washington,Gryffindor
157-60-6201,Eugenie,Duffer,43,Texas,Ravenclaw
230-24-1951,Tuck,Crebbin,46,Texas,Slytherin
635-31-4306,Ode,Diggin,56,Colorado,Gryffindor
528-88-9453,Sallyann,Marquess,22,District of Columbia,Gryffindor
227-27-6976,Liuka,Alwell,52,Pennsylvania,Ravenclaw
284-49-8928,Krishna,Siccombe,25,Florida,Ravenclaw
158-43-8990,Erinn,Weeks,21,Florida,Slytherin
911-45-8113,Harri,Baish,58,California,Slytherin
200-59-0237,Dionne,Greensted,20,California,Gryffindor
149-49-2090,Woodrow,Tirkin,20,Michigan,Slytherin
267-97-0136,Saidee,Habbert,20,Texas,Gryffindor
303-51-0371,Dolly,Craggs,23,New York,Slytherin
553-89-3704,Albina,Tartt,60,California,Ravenclaw
812-31-7348,Gabriello,Feilden,54,Louisiana,Slytherin
410-81-0889,Jewel,Dyka,21,Colorado,Slytherin
216-79-6121,Anjanette,Harriskine,48,Alabama,Hufflepuff
976-45-8626,Brady,Asling,57,California,Gryffindor
268-21-1403,Eugenie,Spurge,18,Oregon,Gryffindor
407-88-8009,Errick,Jest,31,Oregon,Gryffindor
652-98-6391,Patience,Arzu,27,California,Ravenclaw
409-17-5373,Cristiano,Hurling,34,Ohio,Slytherin
272-05-8152,Faina,Summerlee,21,Nevada,Ravenclaw
110-30-3425,Haleigh,Thorneley,52,California,Gryffindor
388-13-4600,Chelsea,Barosch,19,New York,Gryffindor
696-00-1606,Vikky,Brosi,38,California,Ravenclaw
152-38-9016,Merilee,Jersch,20,Nevada,Ravenclaw
368-40-1160,Caralie,Duro,33,Florida,Slytherin
948-81-8895,Melba,Milbank,19,Kentucky,Gryffindor
716-70-9345,Nanci,Vittery,39,Rhode Island,Slytherin
174-16-4224,Carmelina,Jezzard,48,Pennsylvania,Gryffindor
330-66-4270,Reinhold,Hawes,40,Illinois,Gryffindor
721-07-1952,Fancy,Chenery,21,Florida,Gryffindor
824-20-4563,Madelena,Teers,49,Ohio,Ravenclaw
198-34-5632,Martainn,Magwood,30,Maryland,Ravenclaw
386-05-6691,Donny,Czyz,52,Florida,Hufflepuff
840-87-7294,Corie,Jerzak,29,Connecticut,Slytherin
306-73-6944,Van,Tollerfield,60,Pennsylvania,Gryffindor
595-75-9627,Trudie,Woofinden,31,District of Columbia,Slytherin
614-52-1622,Boyce,Crayker,49,California,Slytherin
881-30-2649,Merill,Hovey,32,Louisiana,Slytherin
900-53-4243,Agustin,Ruspine,48,Florida,Ravenclaw
692-57-6739,Lorine,Cave,55,Virginia,Ravenclaw
656-35-6841,Melicent,Hosten,53,Texas,Gryffindor
549-22-4834,Germaine,Franchi,51,Illinois,Hufflepuff
664-57-4938,Christean,Doddemeede,57,New York,Gryffindor
477-50-6476,Roley,McAlester,32,Michigan,Slytherin
328-11-4922,Matthaeus,Jzak,42,New York,Hufflepuff
442-97-0722,Meg,Eustis,42,California,Ravenclaw
261-02-9744,Janene,O'Halleghane,24,Texas,Slytherin
240-50-1825,Fiona,Stovell,36,Arkansas,Slytherin
303-43-0406,Graig,Sigge,45,New York,Slytherin
588-03-9521,Roanne,Martynov,31,Texas,Hufflepuff
591-60-5429,Pearline,Liston,45,California,Slytherin
856-93-5218,Holly-anne,Lie,34,Missouri,Hufflepuff
648-29-6440,Grazia,Vasentsov,26,Kentucky,Gryffindor
212-18-3578,Vickie,Corbie,20,Nevada,Slytherin
754-51-8528,Ransell,Guerre,55,District of Columbia,Gryffindor
458-16-9755,Berri,Shave,25,Alabama,Gryffindor
960-70-8111,Marney,Prestney,22,Washington,Gryffindor
231-36-2892,Lenna,Kindell,21,Washington,Gryffindor
655-07-4427,Thomasin,Abrahamovitz,57,Colorado,Ravenclaw
759-18-2422,Amy,Vian,43,Texas,Gryffindor
468-43-8692,Genni,Dibbe,58,Texas,Ravenclaw
267-92-4292,Dugald,Blackboro,57,Florida,Slytherin
586-91-4100,Sidoney,Garrique,44,Idaho,Ravenclaw
328-41-5896,Eden,Agastina,47,California,Hufflepuff
501-62-6418,Petr,Salliss,52,Pennsylvania,Ravenclaw
620-63-6070,Julian,Mc Carrick,57,Montana,Gryffindor
552-56-6916,Wilmar,Longcake,35,California,Hufflepuff
192-36-6628,Reggie,Alejandre,35,Nebraska,Ravenclaw
286-76-5770,Joe,Murford,32,New Hampshire,Gryffindor
579-84-1989,Shadow,Dommersen,59,Washington,Gryffindor
286-62-3142,Benny,Pegler,54,Alabama,Slytherin
227-57-8694,Zachariah,Lamprecht,51,Florida,Hufflepuff
611-75-1197,Milton,Dory,60,California,Slytherin
304-52-6309,Margret,Huerta,25,Michigan,Slytherin
251-42-4223,Emalee,McKirton,57,Louisiana,Gryffindor
124-03-7080,Michelina,Baggiani,38,Tennessee,Gryffindor
143-03-8764,Cary,Ciobutaro,56,South Carolina,Hufflepuff
277-97-5623,Walliw,Sedgebeer,43,North Dakota,Slytherin
251-55-8378,Rianon,Bromet,33,New York,Ravenclaw
107-51-6287,Dwain,Spottiswoode,39,California,Ravenclaw
386-36-9254,Clementine,Woolam,58,New York,Slytherin
938-46-8570,Abdul,Nerne,18,Florida,Ravenclaw
434-72-7904,Issiah,Biddulph,21,North Carolina,Ravenclaw
421-58-3900,Mendy,Dowker,57,Florida,Slytherin
101-25-1064,Bebe,Domoni,48,Alabama,Hufflepuff
700-70-2276,Danette,McMeyler,56,Florida,Hufflepuff
366-66-1514,Marius,Holson,23,Georgia,Ravenclaw
695-68-5589,Bobbi,Swarbrigg,54,Texas,Ravenclaw
326-66-6372,Kaylyn,Hagstone,30,New York,Hufflepuff
834-70-3890,Griswold,Caseri,25,Arkansas,Hufflepuff
833-61-8413,Phineas,Rameau,24,Illinois,Slytherin
897-23-3688,Antony,Hoyte,19,Ohio,Hufflepuff
414-17-9615,Thacher,Boustred,19,Ohio,Slytherin
861-13-6712,Mace,Roback,29,New York,Gryffindor
365-76-5289,Miles,Somerville,44,Ohio,Ravenclaw
854-18-5302,Lulu,d' Elboux,50,Colorado,Slytherin
146-49-4477,Jonathon,Pither,35,Indiana,Ravenclaw
790-23-4437,Kris,Harvard,40,Ohio,Gryffindor
387-04-4689,Hew,Bonnor,24,Wisconsin,Gryffindor
761-50-0248,Winny,Whetland,45,Washington,Slytherin
999-26-7846,Ugo,Fitzsimon,18,Tennessee,Ravenclaw
790-21-3104,Abdel,Diche,60,Connecticut,Slytherin
211-67-5795,Jethro,Kilby,31,Maryland,Ravenclaw
770-96-9207,Portie,Coltart,27,Massachusetts,Slytherin
401-67-6462,Tomi,Dearle,46,Texas,Gryffindor
285-82-5892,Erich,Jaskowicz,47,Kansas,Gryffindor
724-37-9108,Salomo,Toxell,51,Colorado,Slytherin
228-70-3287,Etheline,Choudhury,24,Minnesota,Gryffindor
532-34-9012,Bethanne,Ranner,35,Kentucky,Gryffindor
322-45-6251,Raphael,Emerton,34,Virginia,Ravenclaw
297-14-8695,Kipp,Yushmanov,38,Indiana,Slytherin
729-68-3716,De,Gladstone,52,Florida,Slytherin
112-78-7410,Nestor,Dysert,39,Vermont,Gryffindor
186-82-5885,Shellysheldon,Dick,37,Tennessee,Ravenclaw
590-77-3567,Syman,Wybrow,35,Maryland,Ravenclaw
243-45-5095,Lacy,Bachshell,30,Missouri,Hufflepuff
207-95-3847,Justinian,Sheber,37,Alabama,Gryffindor
437-36-2865,Spense,Verrill,38,Ohio,Gryffindor
700-16-7501,Alis,Pierrepoint,23,District of Columbia,Slytherin
256-03-9029,Stanislas,Davies,47,Michigan,Ravenclaw
406-01-6177,Annamarie,Sloyan,21,Connecticut,Gryffindor
594-14-4104,Nickey,Scapens,34,Indiana,Ravenclaw
959-17-6929,Goldie,Dore,41,Texas,Ravenclaw
257-62-1279,Riki,Marshland,45,Ohio,Slytherin
625-80-9402,Andie,Trowler,40,California,Ravenclaw
741-86-5712,Glori,Innott,52,Kansas,Gryffindor
974-79-3065,Malchy,Rakestraw,35,Kansas,Gryffindor
752-94-9925,Ignacio,Jendricke,32,Virginia,Hufflepuff
160-63-1973,Klara,Maughan,57,Texas,Slytherin
802-48-5498,Erik,Clendening,49,North Carolina,Ravenclaw
776-36-7040,Katine,McKerlie,27,Kansas,Slytherin
531-16-9914,Mohammed,Vasilyonok,33,Louisiana,Ravenclaw
571-60-3646,Sarita,Smitheram,54,Florida,Hufflepuff
348-54-9256,Aurlie,Alyonov,38,New York,Slytherin
178-90-6481,Shani,Lashford,42,Texas,Slytherin
733-67-8150,Aleksandr,Gosnoll,45,Florida,Slytherin
334-47-6213,Hyacinthia,Moff,39,Alabama,Gryffindor
823-24-8696,Merle,Postlethwaite,39,Florida,Gryffindor
256-26-9791,Samara,Moorman,60,Georgia,Hufflepuff
959-27-5421,Shena,Gravells,44,Illinois,Gryffindor
562-49-2258,Nanice,Farrin,35,Nevada,Ravenclaw
303-35-4981,Helge,Tokell,21,Texas,Slytherin
235-24-0291,Lorianne,Van den Broek,18,California,Hufflepuff
994-82-4183,Hermon,Elderidge,42,Florida,Slytherin
449-56-9912,Ferrell,Allanby,30,Texas,Hufflepuff
486-42-5764,Leelah,Guerry,48,Colorado,Hufflepuff
242-04-2707,Connie,Fould,59,Missouri,Hufflepuff
133-91-0858,Brooke,Sutherland,48,California,Gryffindor
283-12-9361,Mychal,Settle,23,Missouri,Ravenclaw
623-15-0227,Isaiah,Purchon,42,Florida,Gryffindor
851-55-3191,Querida,Quinnette,23,California,Hufflepuff
801-62-0310,Diannne,Jiroutek,24,Oregon,Slytherin
791-01-8478,Ingaborg,Rohloff,20,Massachusetts,Gryffindor
144-93-0106,Caresa,Hummerston,47,New York,Gryffindor
407-12-7230,Gabriell,Durnford,35,Florida,Gryffindor
237-88-2655,Tiebold,Regelous,54,Texas,Hufflepuff
647-27-9653,Raimund,Oke,38,Florida,Ravenclaw
617-33-6801,Towney,Jeanesson,43,Ohio,Hufflepuff
764-28-3539,Cristie,Anstice,56,Florida,Ravenclaw
355-69-2834,Pincas,Kohlert,43,Minnesota,Ravenclaw
321-10-1712,Bernelle,Orme,51,Colorado,Gryffindor
331-94-1382,Lorilee,Balf,37,Indiana,Ravenclaw
726-13-4985,Thaine,Scapelhorn,39,Texas,Gryffindor
777-77-0481,Konrad,Ottam,53,Connecticut,Slytherin
548-00-9119,Oswald,Pybus,47,Illinois,Ravenclaw
666-20-8831,Annetta,Choake,42,Maryland,Gryffindor
357-40-8857,Sharona,Storrar,20,Louisiana,Gryffindor
691-13-9887,Janine,Chartres,31,Nebraska,Hufflepuff
153-39-0312,Korrie,Whittaker,41,Texas,Slytherin
931-13-4772,Kelly,Crossfeld,46,Pennsylvania,Gryffindor
554-20-6975,Solomon,Swabey,34,Minnesota,Hufflepuff
140-42-6772,Meade,Roxburgh,42,New York,Gryffindor
418-32-0857,Albert,Seint,47,District of Columbia,Hufflepuff
236-46-1939,Calla,Cholomin,54,Colorado,Slytherin
973-66-1111,Emalee,Teodoro,36,Colorado,Ravenclaw
898-57-2372,Gipsy,Southcott,22,Pennsylvania,Hufflepuff
276-28-4364,Annadiane,Ciobotaru,39,California,Slytherin
754-09-8037,Sukey,Pelzer,33,New York,Gryffindor
953-02-3979,Judy,Colby,34,Arizona,Slytherin
730-63-8499,Cash,Blaxter,31,Ohio,Gryffindor
535-76-6372,Corrine,Pisculli,31,Pennsylvania,Ravenclaw
696-52-1869,Reinold,Rosekilly,19,New York,Ravenclaw